horizon,count,p95_up_bps,p99_up_bps,p05_down_bps,p01_down_bps,max_up_bps,max_down_bps
native,2466,8.500000000000036,14.934999999999938,-9.0749999999995,-14.904999999999959,42.599999999998886,-49.000000000000014
monthly_eom,119,37.41,89.22399999999985,-51.92999999999903,-64.41000000000084,102.0,-73.50000000000009
