horizon,count,p95_up_bps,p99_up_bps,p05_down_bps,p01_down_bps,max_up_bps,max_down_bps
native,2416,8852.749999999947,14476.599999999997,-9053.499999999985,-15876.400000000058,40126.99999999995,-51447.99999999996
monthly_eom,119,36793.89999999994,47172.219999999965,-36038.59999999995,-77537.49999999996,55665.999999999935,-91376.99999999994
