horizon,worst_up_bps,worst_down_bps
worst_1m,743404.0,-816303.9999999999
worst_3m,754903.9999999999,-697072.0
worst_6m,759806.0000000001,-728832.9999999999
worst_12m,784094.9999999999,-816371.9999999999
