horizon,worst_up_bps,worst_down_bps
worst_1m,102.0,-73.50000000000009
worst_3m,124.70000000000009,-106.69999999999999
worst_6m,169.50000000000006,-133.29999999999993
worst_12m,179.60000000000002,-167.29999999999995
