horizon,count,p95_up_bps,p99_up_bps,p05_down_bps,p01_down_bps,max_up_bps,max_down_bps
native,2470,8.654999999999948,17.062000000000037,-8.799999999999956,-16.762,46.30000000000002,-42.89999999999988
monthly_eom,119,52.48,101.69999999999976,-49.81999999999999,-67.52400000000002,120.90000000000003,-78.30000000000003
