window,worst_up_bps,worst_down_bps
1M,50.0,-25.0
3M,150.0,-75.0
6M,224.99999999999994,-100.0
12M,224.99999999999994,-175.0
