horizon,count,p95_up,p99_up,p05_down,p01_down,max_up,max_down
native_daily_return,117,0.056209150326797325,0.11566563467492265,-0.052631578947368474,-0.061911764705882354,0.13333333333333353,-0.06666666666666654
monthly_eom_return,117,0.056209150326797325,0.11566563467492265,-0.052631578947368474,-0.061911764705882354,0.13333333333333353,-0.06666666666666654
