window,worst_up_bps,worst_down_bps
1M,0.5000000000000004,-0.2500000000000002
3M,1.5,-0.75
6M,2.25,-1.0000000000000002
12M,2.25,-1.7500000000000002
