window,worst_up,worst_down
1M,0.09441464208898598,-0.16758119830542662
3M,0.22772502895253433,-0.2794823114068645
6M,0.24876247886964564,-0.2642476212089284
12M,0.31870727241883,-0.2983307465418411
